cohort	harmonized_diagnosis	cancer_group	has_subtype_removed	additional_modification
DGD	Acute Lymphoblastic Leukemia	Acute Lymphoblastic Leukemia	No	No
DGD	Mixed Lineage Leukemia	Acute Lymphoblastic Leukemia	No	Yes
TARGET	Acute Lymphoblastic Leukemia	Acute Lymphoblastic Leukemia	No	No
DGD	Acute Myeloid Leukemia	Acute Myeloid Leukemia	No	No
DGD	Acute Promyelocytic Leukemia	Acute Myeloid Leukemia	No	Yes
DGD	Therapy-Related Acute Myeloid Leukemia	Acute Myeloid Leukemia	No	Yes
TARGET	Acute Myeloid Leukemia	Acute Myeloid Leukemia	No	No
TCGA	Acute Myeloid Leukemia	Acute Myeloid Leukemia	No	No
PBTA	Adamantinomatous craniopharyngioma	Adamantinomatous Craniopharyngioma	No	Yes
DGD	Adamantinomatous craniopharyngioma	Adamantinomatous Craniopharyngioma	No	Yes
DGD	Adenocarcinoma	Adenocarcinoma	No	No
TCGA	Adrenocortical Carcinoma	Adrenocortical Carcinoma	No	No
DGD	Anaplastic Large Cell Lymphoma	Anaplastic Large Cell Lymphoma	No	No
DGD	Angiosarcoma	Angiosarcoma	No	No
PBTA	Other	Astroblastoma	No	Yes
PBTA	Astrocytoma	Astrocytoma	No	No
PBTA	Atypical Teratoid Rhabdoid Tumor, MYC	Atypical Teratoid Rhabdoid Tumor	Yes	No
PBTA	Atypical Teratoid Rhabdoid Tumor (ATRT)	Atypical Teratoid Rhabdoid Tumor	No	Yes
PBTA	Atypical Teratoid Rhabdoid Tumor, SHH	Atypical Teratoid Rhabdoid Tumor	Yes	No
PBTA	Atypical Teratoid Rhabdoid Tumor, TYR	Atypical Teratoid Rhabdoid Tumor	Yes	No
DGD	Atypical Teratoid Rhabdoid Tumor (ATRT)	Atypical Teratoid Rhabdoid Tumor	No	Yes
PBTA	Atypical choroid plexus papilloma	Atypical choroid plexus papilloma	No	No
DGD	B Acute Lymphoblastic Leukemia/Lymphoma	B Acute Lymphoblastic Leukemia/Lymphoma	No	No
TCGA	Bladder Urothelial Carcinoma	Bladder Urothelial Carcinoma	No	No
TCGA	Breast Invasive Carcinoma	Breast Invasive Carcinoma	No	No
DGD	Burkitt Leukemia/Lymphoma	Burkitt Leukemia/Lymphoma	No	No
DGD	CIC-DUX4 Sarcoma	CIC-DUX4 Sarcoma	No	No
PBTA	CNS Burkitt's lymphoma	CNS Burkitt's lymphoma	No	No
PBTA	CNS Embryonal tumor, NEC/NOS	CNS Embryonal tumor	Yes	No
PBTA	CNS Embryonal tumor, HGNET-MN1	CNS Embryonal tumor	Yes	No
DGD	CNS Embryonal tumor, NEC/NOS	CNS Embryonal tumor	Yes	No
DGD	CNS Melanoma	CNS Melanoma	No	No
PBTA	CNS neuroblastoma	CNS neuroblastoma	No	No
PBTA	Cavernoma	Cavernoma	No	No
PBTA	Central neurocytoma	Central neurocytoma	No	No
TCGA	Cervical Squamous Cell Carcinoma and Endocervical Adenocarcinoma	Cervical Squamous Cell Carcinoma and Endocervical Adenocarcinoma	No	No
TCGA	Cholangiocarcinoma	Cholangiocarcinoma	No	No
PBTA	Chondromyxoid fibroma	Chondromyxoid fibroma	No	No
PBTA	Chordoma	Chordoma	No	No
PBTA	Chordoma, poorly differentiated	Chordoma	Yes	No
DGD	Chordoma	Chordoma	No	No
PBTA	Chordoma, conventional	Chordoma	Yes	No
DGD	Chordoma, poorly differentiated	Chordoma	Yes	No
PBTA	Choroid plexus carcinoma	Choroid plexus carcinoma	No	No
DGD	Choroid plexus carcinoma	Choroid plexus carcinoma	No	No
PBTA	Choroid plexus papilloma	Choroid plexus papilloma	No	No
DGD	Choroid plexus papilloma	Choroid plexus papilloma	No	No
PBTA	Choroid plexus tumor	Choroid plexus tumor	No	No
TCGA	Kidney Chromophobe	Chromophobe renal cell carcinoma	No	Yes
DGD	Chronic Myelogenous Leukemia	Chronic Myelogenous Leukemia	No	No
TARGET	Clear Cell Sarcoma of the Kidney	Clear cell sarcoma of the kidney	No	Yes
TCGA	Colon Adenocarcinoma	Colon Adenocarcinoma	No	No
PBTA	Craniopharyngioma	Craniopharyngioma	No	No
DGD	Craniopharyngioma	Craniopharyngioma	No	No
TCGA	Cutaneous Melanoma	Cutaneous Melanoma	No	No
PBTA	Desmoplastic infantile astrocytoma and ganglioglioma, wildtype	Desmoplastic infantile astrocytoma and ganglioglioma	Yes	No
PBTA	Desmoplastic infantile astrocytoma and ganglioglioma, RTK	Desmoplastic infantile astrocytoma and ganglioglioma	Yes	No
PBTA	Desmoplastic infantile astrocytoma and ganglioglioma, BRAF V600E	Desmoplastic infantile astrocytoma and ganglioglioma	Yes	No
PBTA	Desmoplastic infantile astrocytoma and ganglioglioma, To be classified	Desmoplastic infantile astrocytoma and ganglioglioma	Yes	No
PBTA	Diffuse fibrillary astrocytoma	Diffuse fibrillary astrocytoma	No	No
PBTA	Diffuse hemispheric glioma, H3 G35-mutant	Diffuse hemispheric glioma	Yes	No
PBTA	Brainstem glioma- Diffuse intrinsic pontine glioma	Diffuse intrinsic pontine glioma	No	Yes
DGD	Brainstem glioma- Diffuse intrinsic pontine glioma	Diffuse intrinsic pontine glioma	No	Yes
PBTA	Diffuse leptomeningeal glioneuronal tumor,  MAPK	Diffuse leptomeningeal glioneuronal tumor	Yes	No
PBTA	Diffuse leptomeningeal glioneuronal tumor,  KIAA1549-BRAF	Diffuse leptomeningeal glioneuronal tumor	Yes	No
DGD	Diffuse leptomeningeal glioneuronal tumor,  KIAA1549-BRAF	Diffuse leptomeningeal glioneuronal tumor	Yes	No
PBTA	Diffuse midline glioma, H3 K28-mutant	Diffuse midline glioma	Yes	No
PBTA	Dysembryoplastic neuroepithelial tumor (DNET)	Dysembryoplastic neuroepithelial tumor	No	Yes
DGD	Dysembryoplastic neuroepithelial tumor (DNET)	Dysembryoplastic neuroepithelial tumor	No	Yes
DGD	Dysgerminoma	Dysgerminoma	No	No
PBTA	Embryonal tumor with multilayer rosettes, C19MC-altered	Embryonal tumor with multilayer rosettes	Yes	No
PBTA	Embryonal tumor with multilayer rosettes, NOS	Embryonal tumor with multilayer rosettes	Yes	No
PBTA	Posterior fossa group A (PFA) ependymoma	Ependymoma	No	Yes
PBTA	Ependymoma	Ependymoma	No	No
PBTA	Supratentorial ependymoma, ZFTA fusion-positive	Ependymoma	Yes	Yes
DGD	Ependymoma	Ependymoma	No	No
DGD	Posterior fossa group A (PFA) ependymoma	Ependymoma	No	Yes
PBTA	Myxopapillary ependymoma	Ependymoma	No	Yes
PBTA	Supratentorial ependymoma, YAP1 fusion-positive	Ependymoma	Yes	Yes
PBTA	Posterior fossa group B (PFB) ependymoma	Ependymoma	No	Yes
DGD	Myxopapillary ependymoma	Ependymoma	No	Yes
PBTA	Spinal ependymoma	Ependymoma	No	Yes
DGD	Supratentorial ependymoma, ZFTA fusion-positive	Ependymoma	Yes	Yes
PBTA	Spinal ependymoma, MYCN-amplified	Ependymoma	Yes	Yes
DGD	Posterior fossa group B (PFB) ependymoma	Ependymoma	No	Yes
DGD	Supratentorial ependymoma, YAP1 fusion-positive	Ependymoma	Yes	Yes
PBTA	Posterior fossa subependymoma	Ependymoma	No	Yes
PBTA	Spinal subependymoma	Ependymoma	No	Yes
PBTA	Epstein-Barr virus-related tumor	Epstein-Barr virus-related tumor	No	No
TCGA	Esophageal Carcinoma	Esophageal Carcinoma	No	No
PBTA	Ewing sarcoma	Ewing sarcoma	No	No
DGD	Ewing sarcoma	Ewing sarcoma	No	No
PBTA	Extraventricular neurocytoma	Extraventricular neurocytoma	No	No
DGD	Extraventricular neurocytoma	Extraventricular neurocytoma	No	No
PBTA	Fibromixoid lesion	Fibromyxoid lesion	No	Yes
DGD	Ganglioglioma	Ganglioglioma	No	No
PBTA	Ganglioglioma, KIAA1549-BRAF	Ganglioglioma	Yes	No
PBTA	Ganglioglioma, BRAF V600E	Ganglioglioma	Yes	No
PBTA	Ganglioglioma, wildtype	Ganglioglioma	Yes	No
PBTA	Ganglioglioma, IDH	Ganglioglioma	Yes	No
PBTA	Ganglioglioma, MAPK	Ganglioglioma	Yes	No
PBTA	Ganglioglioma, RTK	Ganglioglioma	Yes	No
PBTA	Ganglioglioma, NF1-somatic, BRAF V600E	Ganglioglioma	Yes	No
PBTA	Ganglioglioma	Ganglioglioma	No	No
PBTA	Ganglioglioma, other MAPK	Ganglioglioma	Yes	No
PBTA	Ganglioglioma, MYB/MYBL1	Ganglioglioma	Yes	No
PBTA	Ganglioglioma, other MAPK, IDH	Ganglioglioma	Yes	No
PBTA	Ganglioglioma, H3	Ganglioglioma	Yes	No
PBTA	Ganglioglioma, FGFR	Ganglioglioma	Yes	No
DGD	Ganglioglioma, RTK	Ganglioglioma	Yes	No
PBTA	Ganglioglioma, NF1-germline	Ganglioglioma	Yes	No
PBTA	Ganglioglioma, other MAPK, BRAF V600E	Ganglioglioma	Yes	No
PBTA	Ganglioglioma, BRAF V600E, CDKN2A/B	Ganglioglioma	Yes	No
DGD	Ganglioglioma, other MAPK	Ganglioglioma	Yes	No
PBTA	Ganglioneuroblastoma, MYCN non-amplified	Ganglioneuroblastoma	Yes	No
GMKF	Ganglioneuroblastoma, MYCN non-amplified	Ganglioneuroblastoma	Yes	No
GMKF	Ganglioneuroblastoma, MYCN-amplified	Ganglioneuroblastoma	Yes	No
PBTA	Ganglioneuroblastoma	Ganglioneuroblastoma	No	No
TARGET	Ganglioneuroblastoma, MYCN non-amplified	Ganglioneuroblastoma	Yes	No
TARGET	Ganglioneuroblastoma, MYCN-amplified	Ganglioneuroblastoma	Yes	No
PBTA	Ganglioneuroma	Ganglioneuroma	No	No
DGD	Ganglioneuroma	Ganglioneuroma	No	No
DGD	Germ Cell Tumor	Germ Cell Tumor	No	No
PBTA	Germinoma	Germinoma	No	No
DGD	Germinoma	Germinoma	No	No
PBTA	Glial-neuronal tumor,  RTK	Glial-neuronal tumor	Yes	No
PBTA	Glial-neuronal tumor,  FGFR	Glial-neuronal tumor	Yes	No
PBTA	Glial-neuronal tumor,  To be classified	Glial-neuronal tumor	Yes	No
PBTA	Glial-neuronal tumor,  BRAF V600E	Glial-neuronal tumor	Yes	No
PBTA	Glial-neuronal tumor,  other MAPK	Glial-neuronal tumor	Yes	No
PBTA	Glial-neuronal tumor,  RTK, CDKN2A/B	Glial-neuronal tumor	Yes	No
DGD	Glial-neuronal tumor,  To be classified	Glial-neuronal tumor	Yes	No
PBTA	Glial-neuronal tumor, wildtype	Glial-neuronal tumor	Yes	No
PBTA	Glial-neuronal tumor,  KIAA1549-BRAF	Glial-neuronal tumor	Yes	No
PBTA	Glial-neuronal tumor,  other MAPK, CDKN2A/B	Glial-neuronal tumor	Yes	No
PBTA	Neuroepithelial neoplasm with EWSR1--PLAG1 fusion	Glial-neuronal tumor	No	Yes
PBTA	Glial-neuronal tumor,  wildtype	Glial-neuronal tumor	Yes	No
DGD	Glial-neuronal tumor,  KIAA1549-BRAF	Glial-neuronal tumor	Yes	No
DGD	Glial-neuronal tumor,  other MAPK	Glial-neuronal tumor	Yes	No
DGD	Glial-neuronal tumor,  RTK	Glial-neuronal tumor	Yes	No
PBTA	Glial-neuronal tumor,  NF1-somatic, FGFR	Glial-neuronal tumor	Yes	No
DGD	Glial-neuronal tumor,  FGFR	Glial-neuronal tumor	Yes	No
PBTA	Glioblastoma	Glioblastoma	No	No
TCGA	Glioblastoma Multiforme	Glioblastoma Multiforme	No	No
TCGA	Head and Neck Squamous Cell Carcinoma	Head and Neck Squamous Cell Carcinoma	No	No
PBTA	Hemangioblastoma	Hemangioblastoma	No	No
DGD	Hemangioblastoma	Hemangioblastoma	No	No
DGD	Hepatoblastoma	Hepatoblastoma	No	No
DGD	Hepatocellular Carcinoma	Hepatocellular Carcinoma	No	No
TCGA	Hepatocellular Carcinoma	Hepatocellular Carcinoma	No	No
PBTA	High-grade glioma, IDH-wildtype and H3-wildtype	High-grade glioma	Yes	No
PBTA	High-grade glioma/astrocytoma (WHO grade III/IV)	High-grade glioma	No	Yes
DGD	High-grade glioma/astrocytoma (WHO grade III/IV)	High-grade glioma	No	Yes
PBTA	High-grade glioma, IDH-mutant	High-grade glioma	Yes	No
DGD	Histiocytic tumor	Histiocytic tumor	No	No
PBTA	Juvenile xanthogranuloma	Histiocytic tumor	No	Yes
DGD	Histiocytic Tumor	Histiocytic tumor	No	Yes
DGD	Hodgkin's lymphoma	Hodgkin's lymphoma	No	No
PBTA	Infant-type hemispheric glioma, ALK-altered	Infant-type hemispheric glioma	Yes	No
PBTA	Infant-type hemispheric glioma, NTRK-altered	Infant-type hemispheric glioma	Yes	No
PBTA	Infant-type hemispheric glioma	Infant-type hemispheric glioma	No	No
PBTA	Infant-type hemispheric glioma, ROS1-altered	Infant-type hemispheric glioma	Yes	No
DGD	Infantile Fibrosarcoma	Infantile Fibrosarcoma	No	No
DGD	Myofibroblastic tumor	Inflammatory Myofibroblastic Tumor	No	Yes
DGD	Inflammatory Myofibroblastic Tumor	Inflammatory Myofibroblastic Tumor	No	No
PBTA	Myofibroblastic tumor	Inflammatory Myofibroblastic Tumor	No	Yes
DGD	Intrahepatic Cholangiocarcinoma	Intrahepatic Cholangiocarcinoma	No	No
PBTA	Intraneural perineuroma	Intraneural perineuroma	No	No
DGD	Juvenile Xanthogranuloma	Juvenile xanthogranuloma	No	Yes
PBTA	Langerhans Cell histiocytosis	Langerhans Cell histiocytosis	No	No
DGD	Langerhans Cell histiocytosis	Langerhans Cell histiocytosis	No	No
PBTA	Low-grade glioma, other MAPK	Low-grade glioma	Yes	No
PBTA	Low-grade glioma, KIAA1549-BRAF	Low-grade glioma	Yes	No
PBTA	Low-grade glioma, NF1-somatic, NF1-germline	Low-grade glioma	Yes	No
DGD	Low-grade glioma, KIAA1549-BRAF	Low-grade glioma	Yes	No
PBTA	Low-grade glioma, KIAA1549-BRAF, RTK	Low-grade glioma	Yes	No
PBTA	Low-grade glioma, wildtype	Low-grade glioma	Yes	No
DGD	Low-grade glioma/astrocytoma (WHO grade I/II)	Low-grade glioma	No	Yes
PBTA	Low-grade glioma, IDH	Low-grade glioma	Yes	No
PBTA	Low-grade glioma, NF1-somatic, FGFR	Low-grade glioma	Yes	No
PBTA	Low-grade glioma, NF1-germline, FGFR	Low-grade glioma	Yes	No
PBTA	Low-grade glioma, KIAA1549-BRAF, other MAPK	Low-grade glioma	Yes	No
PBTA	Low-grade glioma, BRAF V600E	Low-grade glioma	Yes	No
PBTA	Low-grade glioma, BRAF V600E, CDKN2A/B	Low-grade glioma	Yes	No
PBTA	Low-grade glioma/astrocytoma (WHO grade I/II)	Low-grade glioma	No	Yes
PBTA	Low-grade glioma, KIAA1549-BRAF, FGFR	Low-grade glioma	Yes	No
PBTA	Low-grade glioma, NF1-somatic	Low-grade glioma	Yes	No
PBTA	Low-grade glioma, other MAPK, IDH	Low-grade glioma	Yes	No
PBTA	Low-grade glioma, MYB/MYBL1	Low-grade glioma	Yes	No
PBTA	Low-grade glioma, FGFR	Low-grade glioma	Yes	No
PBTA	Low-grade glioma, RTK	Low-grade glioma	Yes	No
PBTA	Low-grade glioma, MAPK	Low-grade glioma	Yes	No
DGD	Low-grade glioma, RTK	Low-grade glioma	Yes	No
DGD	Low-grade glioma, other MAPK	Low-grade glioma	Yes	No
PBTA	Low-grade glioma, NF1-germline	Low-grade glioma	Yes	No
PBTA	Low-grade glioma, NF1-somatic, NF1-germline, FGFR	Low-grade glioma	Yes	No
DGD	Low-grade glioma, NF1-germline	Low-grade glioma	Yes	No
PBTA	Low-grade glioma, BRAF V600E, other MAPK	Low-grade glioma	Yes	No
PBTA	Low-grade glioma, NF1-germline, CDKN2A/B	Low-grade glioma	Yes	No
PBTA	Low-grade glioma, FGFR, NF1-somatic	Low-grade glioma	Yes	No
PBTA	Low-grade glioma, KIAA1549-BRAF, BRAF V600E	Low-grade glioma	Yes	No
PBTA	Low-grade glioma, FGFR, NF1-germline	Low-grade glioma	Yes	No
PBTA	Low-grade glioma, RTK, CDKN2A/B	Low-grade glioma	Yes	No
PBTA	Low-grade glioma, NF1-somatic, NF1-germline, CDKN2A/B	Low-grade glioma	Yes	No
DGD	Low-grade glioma, FGFR	Low-grade glioma	Yes	No
PBTA	Low-grade glioma, KIAA1549-BRAF, NF1-germline	Low-grade glioma	Yes	No
PBTA	Low-grade glioma, RTK, BRAF V600E	Low-grade glioma	Yes	No
PBTA	Low-grade glioma, NF1-somatic, RTK	Low-grade glioma	Yes	No
PBTA	Low-grade glioma, MYB/MYBL1, other MAPK	Low-grade glioma	Yes	No
PBTA	Low-grade glioma, NF1-germline, BRAF V600E	Low-grade glioma	Yes	No
PBTA	Low-grade glioma, other MAPK, CDKN2A/B	Low-grade glioma	Yes	No
PBTA	Low-grade glioma, KIAA1549-BRAF, CDKN2A/B	Low-grade glioma	Yes	No
PBTA	Low-grade glioma, CDKN2A/B	Low-grade glioma	Yes	No
PBTA	Low-grade glioma, NF1-germline, RTK, FGFR	Low-grade glioma	Yes	No
DGD	Low-grade glioma, MYB/MYBL1	Low-grade glioma	Yes	No
PBTA	Low-grade glioma, NF1-germline, other MAPK	Low-grade glioma	Yes	No
TCGA	Brain Lower Grade Glioma	Low-grade glioma	No	Yes
TCGA	Lung Adenocarcinoma	Lung Adenocarcinoma	No	No
TCGA	Lung Squamous Cell Carcinoma	Lung Squamous Cell Carcinoma	No	No
TCGA	Lymphoid Neoplasm Diffuse Large B-cell Lymphoma	Lymphoid Neoplasm Diffuse Large B-cell Lymphoma	No	No
PBTA	Malignant peripheral nerve sheath tumor (MPNST)	Malignant peripheral nerve sheath tumor	No	Yes
DGD	Malignant peripheral nerve sheath tumor (MPNST)	Malignant peripheral nerve sheath tumor	No	Yes
PBTA	Medulloblastoma, group 3	Medulloblastoma	Yes	No
PBTA	Medulloblastoma, group 4	Medulloblastoma	Yes	No
PBTA	Medulloblastoma, SHH-activated	Medulloblastoma	Yes	No
PBTA	Medulloblastoma, WNT-activated	Medulloblastoma	Yes	No
PBTA	Medulloblastoma	Medulloblastoma	No	No
DGD	Medulloblastoma	Medulloblastoma	No	No
PBTA	Melanocytoma	Melanocytic tumor	No	Yes
DGD	Melanoma	Melanoma	No	No
PBTA	Meningioma	Meningioma	No	No
PBTA	Atypical meningioma	Meningioma	No	Yes
DGD	Atypical meningioma	Meningioma	No	Yes
PBTA	Clear cell meningioma	Meningioma	No	Yes
PBTA	Meningothelial meningioma	Meningioma	No	Yes
DGD	Meningioma	Meningioma	No	No
PBTA	Anaplastic (malignant) meningioma	Meningioma	No	Yes
PBTA	Mesenchymal tumor	Mesenchymal tumor	No	No
TCGA	Mesothelioma	Mesothelioma	No	No
PBTA	Metastatic secondary tumors	Metastatic secondary tumors	No	No
DGD	Metastatic secondary tumors	Metastatic secondary tumors	No	No
PBTA	Mixed germ cell tumor	Mixed germ cell tumor	No	No
DGD	Mixed germ cell tumor	Mixed germ cell tumor	No	No
GMKF	Neuroblastoma, MYCN non-amplified	Neuroblastoma	Yes	No
GMKF	Neuroblastoma, MYCN-amplified	Neuroblastoma	Yes	No
PBTA	Neuroblastoma	Neuroblastoma	No	No
PBTA	Neuroblastoma, MYCN-amplified	Neuroblastoma	Yes	No
PBTA	Neuroblastoma, MYCN non-amplified	Neuroblastoma	Yes	No
DGD	Neuroblastoma	Neuroblastoma	No	No
TARGET	Neuroblastoma, MYCN-amplified	Neuroblastoma	Yes	No
TARGET	Neuroblastoma, MYCN non-amplified	Neuroblastoma	Yes	No
TARGET	Neuroblastoma	Neuroblastoma	No	No
PBTA	Neurofibroma/Plexiform	Neurofibroma/Plexiform	No	No
DGD	Neurofibroma/Plexiform	Neurofibroma/Plexiform	No	No
DGD	Non-Hodgkin Lymphoma	Non-Hodgkin Lymphoma	No	No
PBTA	Non-germinomatous germ cell tumor	Non-germinomatous germ cell tumor	No	No
PBTA	Oligodendroglioma	Oligodendroglioma	No	No
DGD	Oligodendroglioma	Oligodendroglioma	No	No
DGD	Osteosarcoma	Osteosarcoma	No	No
TARGET	Osteosarcoma	Osteosarcoma	No	No
TCGA	Ovarian Serous Cystadenocarcinoma	Ovarian Serous Cystadenocarcinoma	No	No
TCGA	Pancreatic Adenocarcinoma	Pancreatic Adenocarcinoma	No	No
PBTA	Perineuroma	Perineuroma	No	No
TCGA	Pheochromocytoma and Paraganglioma	Pheochromocytoma and Paraganglioma	No	No
PBTA	Pilocytic astrocytoma	Pilocytic astrocytoma	No	No
DGD	Pilocytic astrocytoma	Pilocytic astrocytoma	No	No
PBTA	Pineoblastoma	Pineoblastoma	No	No
DGD	Pineoblastoma	Pineoblastoma	No	No
DGD	Pineocytoma	Pineocytoma	No	No
PBTA	Pleomorphic xanthoastrocytoma	Pleomorphic xanthoastrocytoma	No	No
DGD	Pleomorphic xanthoastrocytoma	Pleomorphic xanthoastrocytoma	No	No
PBTA	Pleomorphic xanthoastrocytoma, BRAF V600E	Pleomorphic xanthoastrocytoma	Yes	No
DGD	Primary mediastinal large B cell lymphoma	Primary mediastinal large B cell lymphoma	No	No
TCGA	Prostate Adenocarcinoma	Prostate Adenocarcinoma	No	No
TCGA	Rectum Adenocarcinoma	Rectum Adenocarcinoma	No	No
TCGA	Kidney Renal Clear Cell Carcinoma	Renal Clear Cell Carcinoma	No	Yes
TCGA	Kidney Renal Papillary Cell Carcinoma	Renal Papillary Cell Carcinoma	No	Yes
DGD	Retinoblastoma	Retinoblastoma	No	No
TARGET	Rhabdoid tumor of the kidney	Rhabdoid tumor of the kidney	No	No
DGD	Rhabdomyosarcoma	Rhabdomyosarcoma	No	No
PBTA	Rhabdomyosarcoma	Rhabdomyosarcoma	No	No
PBTA	Rosai-dorfman	Rosai-Dorfman disease	No	Yes
PBTA	Rosette-forming glioneuronal tumor,  FGFR	Rosette-forming glioneuronal tumor	Yes	No
PBTA	Rosette-forming glioneuronal tumor,  other MAPK, FGFR	Rosette-forming glioneuronal tumor	Yes	No
PBTA	Sarcoma	Sarcoma	No	No
DGD	Sarcoma	Sarcoma	No	No
DGD	High Grade Sarcoma	Sarcoma	No	Yes
TCGA	Sarcoma	Sarcoma	No	No
PBTA	Schwannoma	Schwannoma	No	No
DGD	Schwannoma	Schwannoma	No	No
TCGA	Stomach Adenocarcinoma	Stomach Adenocarcinoma	No	No
PBTA	Subependymal Giant Cell Astrocytoma	Subependymal Giant Cell Astrocytoma	No	No
PBTA	Subependymal Giant Cell Astrocytoma (SEGA)	Subependymal Giant Cell Astrocytoma	No	Yes
PBTA	Subependymal Giant Cell Astrocytoma, wildtype	Subependymal Giant Cell Astrocytoma	Yes	No
DGD	Subependymal Giant Cell Astrocytoma (SEGA)	Subependymal Giant Cell Astrocytoma	No	Yes
DGD	Subependymal Giant Cell Astrocytoma	Subependymal Giant Cell Astrocytoma	No	No
DGD	T Acute Lymphoblastic Leukemia/Lymphoma	T Acute Lymphoblastic Leukemia/Lymphoma	No	No
PBTA	Teratoma	Teratoma	No	No
DGD	Teratoma	Teratoma	No	No
TCGA	Testicular Germ Cell Tumor	Testicular Germ Cell Tumor	No	No
TCGA	Thymoma	Thymoma	No	No
TCGA	Thyroid Carcinoma	Thyroid Carcinoma	No	No
DGD	Thyroid Gland Follicular Carcinoma	Thyroid Gland Follicular Carcinoma	No	No
DGD	Thyroid Gland Papillary Carcinoma	Thyroid Gland Papillary Carcinoma	No	No
TCGA	Uterine Carcinosarcoma	Uterine Carcinosarcoma	No	No
TCGA	Uterine Corpus Endometrial Carcinoma	Uterine Corpus Endometrial Carcinoma	No	No
TCGA	Uveal Melanoma	Uveal Melanoma	No	No
DGD	Wilms Tumor	Wilms tumor	No	Yes
TARGET	Wilms tumor	Wilms tumor	No	No
PBTA	Dysplasia/Gliosis	NA	No	Yes
PBTA	Osteoblastoma	NA	No	Yes
PBTA	Epidermoid cyst	NA	No	Yes
PBTA	Adenoma	NA	No	Yes
PBTA	Not Reported	NA	No	Yes
DGD	Thrombocytopenia	NA	No	Yes
DGD	Noonan syndrome	NA	No	Yes
PBTA	Lipoma	NA	No	Yes
PBTA	Epilepsy, chronic rasmussen encephalitis	NA	Yes	Yes
PBTA	Aneurysmal bone cyst (abc)	NA	No	Yes
DGD	Lipoblastoma	NA	No	Yes
PBTA	Gliosis	NA	No	Yes
DGD	Hamartoma	NA	No	Yes
DGD	Neutropenia	NA	No	Yes
PBTA	Myxoid spindle cell tumor	NA	No	Yes
DGD	Osteoblastoma	NA	No	Yes
PBTA	Neurofibroma/Plexiform;Schwannoma	NA	No	Yes
DGD	Solid pseudopapillary neoplasm of the pancreas	NA	No	Yes
PBTA	Hemangioma	NA	No	Yes
PBTA	Ependymoma;Metastatic secondary tumors	NA	No	Yes
DGD	Shwachman-diamond syndrome	NA	No	Yes
DGD	Cyst	NA	No	Yes
DGD	Hemangioma	NA	No	Yes
PBTA	Dysembryoplastic neuroepithelial tumor (DNET);Ganglioglioma	NA	No	Yes
DGD	Atypical vascular lesion	NA	No	Yes
PBTA	Astrocytoma;Oligoastrocytoma	NA	No	Yes
PBTA	Ossifying fibroma	NA	No	Yes
DGD	Not Reported	NA	No	Yes
PBTA	Atypical lymphoid infiltrate	NA	No	Yes
PBTA	Malignant peripheral nerve sheath tumor (MPNST);Neurofibroma/Plexiform	NA	No	Yes
PBTA	Inclusion cyst	NA	No	Yes
PBTA	Meningioma;Schwannoma	NA	No	Yes
PBTA	Arteriovenous malformation	NA	No	Yes
PBTA	Hamartoma	NA	No	Yes
PBTA	Dermoid cyst	NA	No	Yes
DGD	Hypocellular bone marrow	NA	No	Yes
PBTA	Giant cell tumor of bone	NA	No	Yes
DGD	Aplastic anemia	NA	No	Yes
DGD	Chronic myeloid leukemia pathway	NA	No	Yes
PBTA	Lipoblastoma	NA	No	Yes
PBTA	Dysembryoplastic neuroepithelial tumor (DNET);Dysplasia/Gliosis;Ganglioglioma	NA	No	Yes
DGD	Dysplasia/Gliosis;Low-grade glioma/astrocytoma (WHO grade I/II)	NA	No	Yes
PBTA	Chondroma	NA	No	Yes
PBTA	Reactive connective tissue	NA	No	Yes
DGD	Aneurismal bone cyst (abc) with col1a1-usp6 fusion	NA	No	Yes
DGD	Malignant peripheral nerve sheath tumor (MPNST);Neurofibroma/Plexiform	NA	No	Yes
PBTA	Familial adenomatous polyposis	NA	No	Yes
PBTA	Meningioma;Neurofibroma/Plexiform	NA	No	Yes
PBTA	Myofibroma	NA	No	Yes
DGD	Lymphadenitis	NA	No	Yes
PBTA	Lipomyelomeningocele	NA	No	Yes
DGD	Thrombocytosis	NA	No	Yes
DGD	Glioblastoma Multiforme Pathway	NA	No	Yes
DGD	Pleuropulmonary blastoma	NA	No	Yes
DGD	Adenoma	NA	No	Yes
DGD	Primary myelofibrosis	NA	No	Yes
DGD	Adrenal mass	NA	No	Yes
PBTA	Osteoma	NA	No	Yes
DGD	Abdominal inflammatory myofibroblastic tumor	NA	No	Yes
DGD	Hypophyseal stalk thickening	NA	No	Yes
DGD	Nodular fasciitis	NA	No	Yes
DGD	Undifferentiated malignant neoplasm	NA	No	Yes
PBTA	Non-germinomatous germ cell tumor;Teratoma	NA	No	Yes
PBTA	Fibroma	NA	No	Yes
DGD	Neuroblastic tumor	NA	No	Yes
PBTA	Vascular malformation	NA	No	Yes
DGD	Neuroendocrine carcinoma	NA	No	Yes
DGD	Bone marrow failure	NA	No	Yes
DGD	Myelodysplastic syndrome	NA	No	Yes
DGD	Portions of white matter with a few reactive astrocytes and rare cells with mild atypia	NA	No	Yes
DGD	Cranial fasciitis	NA	No	Yes
DGD	Necrotizing myelopathy	NA	No	Yes
PBTA	Pilomatricoma	NA	No	Yes
DGD	Spinocerebellar ataxia type 7	NA	No	Yes
DGD	Atypical lymphoid infiltrate	NA	No	Yes
DGD	Bone marrow cellularity, ctcae	NA	Yes	Yes
DGD	Inflammatory lesion	NA	No	Yes
DGD	Type ii pleuropulmonary blastoma	NA	No	Yes
PBTA	Cholesterol granuloma	NA	No	Yes
DGD	Lipoma	NA	No	Yes
